11185,google.ie
11806,www.google.ie
11949,hellofresh.ie
11950,www.hellofresh.ie
15583,yelp.ie
17121,pinterest.ie
17545,www.yelp.ie
17560,m.yelp.ie
17842,biz.yelp.ie
18043,www.pinterest.ie
18375,groupon.ie
18383,www.groupon.ie
27796,ebay.ie
28052,www.ebay.ie
35339,airbnb.ie
35380,www.airbnb.ie
39675,expedia.ie
39723,www.expedia.ie
46036,opentable.ie
47030,kayak.ie
47046,www.kayak.ie
47431,www.opentable.ie
50822,m.opentable.ie
60151,independent.ie
63776,tripadvisor.ie
64160,www.tripadvisor.ie
80080,eventbrite.ie
81195,mypurecloud.ie
86734,www.independent.ie
93840,irishmirror.ie
99114,adservice.google.ie
99324,api.mypurecloud.ie
99728,houzz.ie
101717,thejournal.ie
105075,www.houzz.ie
108879,egencia.ie
113011,i2-prod.irishmirror.ie
113763,maximummedia.ie
114127,img.maximummedia.ie
116599,rasset.ie
117568,rte.ie
120653,glassdoor.ie
124404,www.glassdoor.ie
125824,www.rte.ie
129012,cdn-01.independent.ie
130220,harmon.ie
130423,apps.mypurecloud.ie
131965,img.rasset.ie
132190,cdn-03.independent.ie
133408,cdn-04.independent.ie
133533,cdn-02.independent.ie
134509,donedeal.ie
136767,status.harmon.ie
142083,ticketmaster.ie
142366,heanet.ie
143756,myvue.ie
145971,www.donedeal.ie
148342,www.myvue.ie
152595,ntlworld.ie
157739,freelancer.ie
161359,lnk.ie
168002,img2.thejournal.ie
169805,ftp.heanet.ie
170295,identity.ticketmaster.ie
173601,deliveroo.ie
174301,adidas.ie
174941,joom.ie
175053,www.adidas.ie
176423,inm.ie
176865,consent.inm.ie
186771,www.thejournal.ie
187662,adverts.ie
187902,www.joom.ie
195222,m.freelancer.ie
196091,zalando.ie
196702,streaming.mypurecloud.ie
197635,intel.ie
198505,www.intel.ie
201802,www.irishmirror.ie
204075,www.m.freelancer.ie
210455,rufus.ie
211061,www.zalando.ie
212120,assets.donedeal.ie
217470,thesun.ie
226006,www.adverts.ie
234007,m.zalando.ie
236271,www.thesun.ie
236347,breakingnews.ie
242512,journalmedia.ie
243313,snapfish.ie
259408,www.snapfish.ie
259564,dj.rasset.ie
263131,www.breakingnews.ie
284501,pool.journalmedia.ie
284909,id.google.ie
285245,tcd.ie
285629,joe.ie
290823,realtime.mypurecloud.ie
303858,089-100-106042.ntlworld.ie
315115,b0.thejournal.ie
317429,www.ticketmaster.ie
322454,entertainment.ie
325783,vodafone.ie
334176,daft.ie
338772,her.ie
340705,boots.ie
341978,login.mypurecloud.ie
343706,089-100-021040.ntlworld.ie
346725,c3.thejournal.ie
349324,ucd.ie
349387,www.boots.ie
357139,www.eventbrite.ie
360882,ucc.ie
362537,member.independent.ie
363246,c1.thejournal.ie
366252,www.joe.ie
367528,brainboost.ie
367936,m.ebay.ie
368466,www.brainboost.ie
368857,extra.ie
369268,prettylittlething.ie
373067,url.ie
376173,hse.ie
382817,ul.ie
386761,www.daft.ie
388021,www.freelancer.ie
388663,m.independent.ie
392635,rover.ebay.ie
395600,aib.ie
398223,dsch.ie
400704,evoke.ie
401000,momondo.ie
401551,www.momondo.ie
408371,just-eat.ie
412052,c0.thejournal.ie
414742,c2.thejournal.ie
417613,e.prettylittlething.ie
417867,link.e.prettylittlething.ie
419263,m0.joe.ie
423855,s2-prod.irishmirror.ie
425636,www.her.ie
430821,meteor2000.ie
431792,cdn.extra.ie
432971,wvkeacobp01.meteor2000.ie
441453,lombard.ie
443548,travelrepublic.ie
445395,www.travelrepublic.ie
449903,pulsar.ebay.ie
452871,irishtechnews.ie
461289,channelnet.ie
461660,hostby.channelnet.ie
461942,motor-finance.dsch.ie
463502,greenplanet.ie
465108,dpd.ie
467252,herald.ie
479062,dcu.ie
483386,heidi.ie
488577,the42.ie
491745,f3.thejournal.ie
493455,analytics.ticketmaster.ie
496052,f2.thejournal.ie
497364,webhostingireland.ie
503708,rsvplive.ie
504819,cdn.thejournal.ie
506673,www.the42.ie
507136,cdn.rasset.ie
511766,avantcard.ie
512269,feeds.rasset.ie
514153,ampcid.google.ie
516865,cars.ie
519355,buzz.ie
519808,gettyimages.ie
522977,nuigalway.ie
523325,ros.ie
528348,photos.donedeal.ie
530132,eir.ie
530769,meteor.ie
531998,www.gettyimages.ie
532705,cobrowse.mypurecloud.ie
536523,nowhere.ie
538346,comm-api.irishmirror.ie
538613,f0.thejournal.ie
544760,iol.ie
545630,revenue.ie
546463,www.ros.ie
550648,hubbleagency.ie
552937,blacknight.ie
553040,cdn.hubbleagency.ie
555831,anpost.ie
561623,www.tcd.ie
562523,e-merge.ie
563029,jobs.ie
565045,ablink.emails.just-eat.ie
565638,distilled.ie
565751,emails.just-eat.ie
565969,gslb-bk.avantcard.ie
567720,www.cars.ie
568453,boards.ie
568572,centralbank.ie
569480,macha.e-merge.ie
571376,ablink.orders.just-eat.ie
572235,f1.thejournal.ie
573167,orders.just-eat.ie
574235,www.ablink.orders.just-eat.ie
576238,midir.e-merge.ie
577395,ulsterbank.ie
578820,dublinlive.ie
580073,pool.distilled.ie
580655,ticketswap.ie
580952,www.ablink.emails.just-eat.ie
581235,www.ticketswap.ie
582189,digitize.ie
585430,central.ie
591684,www.digitize.ie
592200,akeo.ie
596142,balls.ie
596518,countycar.ie
598113,pricespy.ie
598465,scsdl.countycar.ie
598552,skyscanner.ie
601315,lightnet.ie
605334,media.central.ie
608839,ics.meteor.ie
608916,indigo.ie
609002,jetcost.ie
610224,ses.ics.meteor.ie
610935,www.egencia.ie
611111,www.skyscanner.ie
616993,irishjobs.ie
619204,www.jetcost.ie
621442,m0.her.ie
624704,dailyedge.ie
624973,esb.ie
626127,newsletter.ie
627734,www.boards.ie
627863,www.jobs.ie
633352,chillmoney.ie
634123,gslb-bk.chillmoney.ie
634153,harveynorman.ie
636666,weddingsonline.ie
637045,www.rsvplive.ie
638950,host.ie
640953,three.ie
647125,apimobileanalytics.aib.ie
651243,www.dailyedge.ie
652735,dapi.thejournal.ie
652926,ebuzz.ie
656253,www.harveynorman.ie
656431,www.revenue.ie
656518,www.weddingsonline.ie
656835,accounts.google.ie
657322,border.ie
664278,magnet.ie
664421,met.ie
673286,businesspost.ie
673383,carzone.ie
677568,www.irishjobs.ie
679809,goss.ie
680363,leapcard.ie
684731,dfa.ie
685893,littlewoodsireland.ie
688527,www.businesspost.ie
689866,broadsheet.ie
691006,gn.gov.ie
693133,rufus.akeo.ie
696238,digiweb.ie
698135,newstalk.ie
705065,reebok.ie
706212,webmail.eir.ie
706651,www.newstalk.ie
706729,www.reebok.ie
712743,www.hse.ie
713777,aro.ie
716721,newsweaver.ie
717826,shanelynn.ie
719056,www.herald.ie
723210,one4all.ie
725361,www.dcu.ie
726972,cdn.evoke.ie
728552,irishrail.ie
729721,open24.ie
730585,scdn.aro.ie
730589,schoolbooks.ie
732338,www.ul.ie
732870,agriland.ie
735474,locanto.ie
738006,treatwell.ie
739068,www.treatwell.ie
741275,esatclear.ie
742351,limerickleader.ie
742757,metweb.ie
743082,myitdepartment.ie
744833,tinet.ie
745746,www.just-eat.ie
745909,www.schoolbooks.ie
746587,aimwholesale.ie
746851,argos.ie
748932,img0.thejournal.ie
749871,modern.ie
750103,myhome.ie
750558,papi.dpd.ie
751984,tnfc.leapcard.ie
752641,www.carzone.ie
752879,www.limerickleader.ie
753035,www.shanelynn.ie
753122,www.ucd.ie
755062,debenhams.ie
755127,dit.ie
758897,smtp.indigo.ie
759368,trac.heidi.ie
760031,www.buzz.ie
760041,www.centralbank.ie
761380,api.rte.ie
762145,citizensinformation.ie
766616,static.thejournal.ie
770591,eircode.ie
771355,i2-prod.rsvplive.ie
775656,www.debenhams.ie
775893,www.met.ie
776906,amp.independent.ie
778776,eraser.heidi.ie
779789,irishlife.ie
780025,leitrimobserver.ie
783172,tuiholidays.ie
783483,vivado.ie
783800,www.aimwholesale.ie
783836,www.balls.ie
783958,www.dfa.ie
784151,www.leitrimobserver.ie
784476,www.vivado.ie
788877,leinsterleader.ie
792787,trivago.ie
793759,www.dublinlive.ie
793961,www.leinsterleader.ie
798717,media.buzz.ie
801405,tipperarylive.ie
805288,dundalkdemocrat.ie
807338,maths.tcd.ie
811633,www.tipperarylive.ie
811643,www.trivago.ie
812816,b3multimedia.ie
815679,leinsterexpress.ie
815813,longfordleader.ie
820077,www.dundalkdemocrat.ie
820276,www.leinsterexpress.ie
820619,www.tuiholidays.ie
821445,amigoloans.ie
827933,sportsjoe.ie
829356,www.eir.ie
829568,www.longfordleader.ie
830815,antispam.ie
831956,comms.amigoloans.ie
832323,digital.ulsterbank.ie
833846,inbound.esatclear.ie
834501,lughnasa.vodafone.ie
836751,rip.ie
837190,skynet.ie
839178,www.irishrail.ie
842463,eircom.ie
844631,mail3.vodafone.ie
845816,osi.ie
848809,www.citizensinformation.ie
851749,connachttribune.ie
852278,documentcentre.gslb-bk.avantcard.ie
854130,kilkennypeople.ie
854650,mail1.vodafone.ie
855778,onlinebanking.gslb-bk.chillmoney.ie
859207,www.kilkennypeople.ie
862226,danu.vodafone.ie
863666,holidayguru.ie
867764,smooth.ie
868501,track.anpost.ie
871328,api.live.zeto.ie
873302,ebookers.ie
875325,live.zeto.ie
875654,mail.newsletter.ie
879461,touch.adverts.ie
879924,virginmedia.ie
880807,www.littlewoodsireland.ie
881486,zeto.ie
885033,finder.eircode.ie
887041,mailgate1.hse.ie
887121,maynoothuniversity.ie
889360,redirect.smooth.ie
891928,www.ebookers.ie
892262,www.myhome.ie
892313,www.open24.ie
892544,www.three.ie
898576,mail.vodafone.ie
901981,staging.groupon.ie
902512,touch.daft.ie
906127,arnotts.ie
906862,carlowlive.ie
910782,mail2.vodafone.ie
911958,ns.heanet.ie
912534,photos-a.propertyimages.ie
912800,propertyimages.ie
912860,publichealthwell.ie
915629,westnet.ie
915878,www.argos.ie
915961,www.carlowlive.ie
916449,www.modern.ie
919701,cars.adverts.ie
921110,elitesingles.ie
921714,gaa.ie
921727,galwaybayfm.ie
922394,iedr.ie
924614,nationalist.ie
928697,wit.ie
929008,www.cars.adverts.ie
929553,www.nationalist.ie
933233,cbre.ie
933896,cpe-81-121.lightnet.ie
934379,donegaldemocrat.ie
935133,filtered.antispam.ie
936009,i2-prod.dublinlive.ie
937402,mail.esb.ie
937951,motors.adverts.ie
938640,notifications.harmon.ie
939270,permanenttsb.ie
940787,services.adverts.ie
941812,tipperarystar.ie
942518,waterfordlive.ie
942993,www.cbre.ie
943110,www.donegaldemocrat.ie
943515,www.motors.adverts.ie
943767,www.services.adverts.ie
943902,www.tipperarystar.ie
943989,www.waterfordlive.ie
947168,aub.ie
948999,discoverireland.ie
949135,donegallive.ie
949209,dublincity.ie
949352,echolive.ie
950222,gha.ebay.ie
958118,www.donegallive.ie
958136,www.echolive.ie
962762,api-finder.eircode.ie
963104,auth-ns2.heanet.ie
963753,c0.adverts.ie
964723,cust.westnet.ie
965269,dw.journalmedia.ie
965907,fancydressstore.ie
967536,jobs.adverts.ie
967804,lastminute.ie
969623,next.ie
970091,onlinebanking.gslb-bk.avantcard.ie
970092,onlinebankingservices.aib.ie
970292,pattysflowershop.ie
974527,www.discoverireland.ie
974611,www.fancydressstore.ie
974803,www.jobs.adverts.ie
975001,www.next.ie
979905,airwire.ie
980819,bge.ie
981247,c3.adverts.ie
981567,cf.broadsheet.ie
987114,n.vodafone.ie
987412,ns.ie
991799,webchat.ros.ie
992588,www.holidayguru.ie
