word,domainname
die,d.ie
lie,l.ie
tie,t.ie
movie,mov.ie
pie,p.ie
charlie,charl.ie
christie,christ.ie
underlie,underl.ie
bourgeoisie,bourgeois.ie
currie,curr.ie
auntie,aunt.ie
aggie,agg.ie
brownie,brown.ie
magpie,magp.ie
reverie,rever.ie
eerie,eer.ie
calorie,calor.ie
vie,v.ie
nellie,nell.ie
sortie,sort.ie
boogie,boog.ie
bonnie,bonn.ie
nightie,night.ie
indie,ind.ie
caddie,cadd.ie
dickie,dick.ie
billie,bill.ie
birdie,bird.ie
collie,coll.ie
budgie,budg.ie
monie,mon.ie
genie,gen.ie
junkie,junk.ie
untie,unt.ie
yuppie,yupp.ie
belie,bel.ie
freebie,freeb.ie
laddie,ladd.ie
prairie,prair.ie
camaraderie,camarader.ie
goalie,goal.ie
sweetie,sweet.ie
lingerie,linger.ie
coterie,coter.ie
pixie,pix.ie
hippie,hipp.ie
bogie,bog.ie
rookie,rook.ie
lassie,lass.ie
bonhomie,bonhom.ie
corrie,corr.ie
bookie,book.ie
coolie,cool.ie
zombie,zomb.ie
mollie,moll.ie
brasserie,brasser.ie
faerie1,faeri.ie
cookie,cook.ie
dowie,dow.ie
pantie,pant.ie
pardie,pard.ie
papeterie,papeter.ie
overlie,overl.ie
passementerie,passementer.ie
patisserie,patisser.ie
pastie,past.ie
popsie,pops.ie
pommie,pomm.ie
pliskie,plisk.ie
plie,pl.ie
premie,prem.ie
potpie,potp.ie
potsie,pots.ie
pinkie,pink.ie
piggie,pigg.ie
stogie,stog.ie
perdie,perd.ie
poussie,pouss.ie
preemie,preem.ie
preppie,prepp.ie
peerie,peer.ie
pattie,patt.ie
patootie,patoot.ie
porkpie,porkp.ie
outvie,outv.ie
mealie,meal.ie
meanie,mean.ie
meinie,mein.ie
menagerie,menager.ie
microcurie,microcur.ie
millicurie,millicur.ie
mislie,misl.ie
moggie,mogg.ie
mavie,mav.ie
mashie,mash.ie
looie,loo.ie
louie,lou.ie
luckie,luck.ie
luggie,lugg.ie
macchie,macch.ie
mamie,mam.ie
mammie,mamm.ie
marqueterie,marqueter.ie
waffie,waff.ie
moxie,mox.ie
nixie,nix.ie
nudie,nud.ie
oldie,old.ie
oorie,oor.ie
orangerie,oranger.ie
organdie,organd.ie
ourie,our.ie
outlie,outl.ie
niterie,niter.ie
nitchie,nitch.ie
multicurie,multicur.ie
muskie,musk.ie
nannie,nann.ie
nappie,napp.ie
necktie,neckt.ie
newbie,newb.ie
newie,new.ie
newsie,news.ie
loggie,logg.ie
tammie,tamm.ie
trattorie,trattor.ie
trickie,trick.ie
tushie,tush.ie
unsonsie,unsons.ie
valkyrie,valkyr.ie
vauntie,vaunt.ie
vawntie,vawnt.ie
veggie,vegg.ie
townie,town.ie
towie,tow.ie
toughie,tough.ie
tassie,tass.ie
tattie,tatt.ie
tawie,taw.ie
tawpie,tawp.ie
techie,tech.ie
tentie,tent.ie
tittie,titt.ie
tootsie,toots.ie
vegie,veg.ie
vogie,vog.ie
whigmaleerie,whigmaleer.ie
whoopie,whoop.ie
widdie,widd.ie
wienie,wien.ie
woodie,wood.ie
woolie,wool.ie
yippie,yipp.ie
yowie,yow.ie
wheelie,wheel.ie
wellie,well.ie
weirdie,weird.ie
waddie,wadd.ie
walkyrie,walkyr.ie
wallie,wall.ie
wasterie,waster.ie
wastrie,wastr.ie
wedgie,wedg.ie
weenie,ween.ie
weepie,weep.ie
zowie,zow.ie
talkie,talk.ie
primsie,prims.ie
rotisserie,rotisser.ie
saltie,salt.ie
scottie,scott.ie
scrapie,scrap.ie
seecatchie,seecatch.ie
sharpie,sharp.ie
shavie,shav.ie
sheenie,sheen.ie
roomie,room.ie
roadie,road.ie
retie,ret.ie
prossie,pross.ie
prostie,prost.ie
punkie,punk.ie
pyxie,pyx.ie
quickie,quick.ie
ramie,ram.ie
ramilie,ramil.ie
ramillie,ramill.ie
sheltie,shelt.ie
shortie,short.ie
staggie,stagg.ie
steelie,steel.ie
stoolie,stool.ie
stourie,stour.ie
studdie,studd.ie
stymie,stym.ie
superlie,superl.ie
swabbie,swabb.ie
spunkie,spunk.ie
specie,spec.ie
spavie,spav.ie
shrewdie,shrewd.ie
sickie,sick.ie
sinfonie,sinfon.ie
sinopie,sinop.ie
smartie,smart.ie
smoothie,smooth.ie
softie,soft.ie
sonsie,sons.ie
swaggie,swagg.ie
lezzie,lezz.ie
capercailzie,capercailz.ie
cockamamie,cockamam.ie
collieshangie,collieshang.ie
commie,comm.ie
conchie,conch.ie
coontie,coont.ie
cootie,coot.ie
corbie,corb.ie
cosie,cos.ie
civie,civ.ie
chronaxie,chronax.ie
chippie,chipp.ie
carnie,carn.ie
cattie,catt.ie
causerie,causer.ie
cavie,cav.ie
challie,chall.ie
charcuterie,charcuter.ie
cheapie,cheap.ie
chinoiserie,chinoiser.ie
couthie,couth.ie
cowpie,cowp.ie
cutesie,cutes.ie
cutie,cut.ie
darkie,dark.ie
dassie,dass.ie
dautie,daut.ie
dawtie,dawt.ie
dearie,dear.ie
dexie,dex.ie
curie,cur.ie
cuddie,cudd.ie
crummie,crumm.ie
cowrie,cowr.ie
cozie,coz.ie
cramoisie,cramois.ie
crappie,crapp.ie
creepie,creep.ie
croppie,cropp.ie
crosstie,crosst.ie
crowdie,crowd.ie
dhootie,dhoot.ie
capercaillie,capercaill.ie
accidie,accid.ie
beastie,beast.ie
bheestie,bheest.ie
bhistie,bhist.ie
biggie,bigg.ie
bijouterie,bijouter.ie
bikie,bik.ie
birkie,birk.ie
bizarrerie,bizarrer.ie
beanie,bean.ie
bawtie,bawt.ie
batterie,batter.ie
aerie,aer.ie
amie,am.ie
anomie,anom.ie
baddie,badd.ie
baggie,bagg.ie
bailie,bail.ie
banshie,bansh.ie
barmie,barm.ie
blastie,blast.ie
blooie,bloo.ie
brulyie,bruly.ie
brulzie,brulz.ie
brusquerie,brusquer.ie
buppie,bupp.ie
burdie,burd.ie
burnie,burn.ie
byrnie,byrn.ie
cabbie,cabb.ie
brookie,brook.ie
brie,br.ie
brawlie,brawl.ie
boccie,bocc.ie
boiserie,boiser.ie
bolshie,bolsh.ie
boobie,boob.ie
booboisie,boobois.ie
bootie,boot.ie
bougie,boug.ie
brassie,brass.ie
cannie,cann.ie
dhurrie,dhurr.ie
girlie,girl.ie
gussie,guss.ie
hackie,hack.ie
hankie,hank.ie
hawkie,hawk.ie
heinie,hein.ie
hempie,hemp.ie
hie,h.ie
hoagie,hoag.ie
guidwillie,guidwill.ie
grushie,grush.ie
grumphie,grumph.ie
glassie,glass.ie
goodie,good.ie
goonie,goon.ie
grannie,grann.ie
greenie,green.ie
gremmie,gremm.ie
grotesquerie,grotesquer.ie
groupie,group.ie
hogtie,hogt.ie
honkie,honk.ie
kiddie,kidd.ie
killie,kill.ie
kilocalorie,kilocalor.ie
kiltie,kilt.ie
knobkerrie,knobkerr.ie
kookie,kook.ie
koppie,kopp.ie
kyrie,kyr.ie
kelpie,kelp.ie
kebbie,kebb.ie
japonaiserie,japonaiser.ie
hoodie,hood.ie
hoolie,hool.ie
howdie,howd.ie
huskie,husk.ie
floosie,floos.ie
intertie,intert.ie
jacquerie,jacquer.ie
jalousie,jalous.ie
lambie,lamb.ie
gimmie,gimm.ie
diablerie,diabler.ie
druggie,drugg.ie
duckie,duck.ie
duddie,dudd.ie
durrie,durr.ie
espieglerie,espiegler.ie
eyrie,eyr.ie
falsie,fals.ie
fantasie,fantas.ie
doxie,dox.ie
dovekie,dovek.ie
dormie,dorm.ie
didie,did.ie
dobie,dob.ie
doggie,dogg.ie
dogie,dog.ie
dominie,domin.ie
donsie,dons.ie
doolie,dool.ie
doozie,dooz.ie
farcie,farc.ie
feirie,feir.ie
footsie,foots.ie
forecaddie,forecadd.ie
gaucherie,gaucher.ie
gawsie,gaws.ie
gendarmerie,gendarmer.ie
ghillie,ghill.ie
ghoulie,ghoul.ie
gie,g.ie
footie,foot.ie
foodie,food.ie
folkie,folk.ie
feminie,femin.ie
ferlie,ferl.ie
fie,f.ie
flanerie,flaner.ie
flooie,floo.ie
floozie,flooz.ie
flossie,floss.ie
fogie,fog.ie
gillie,gill.ie
